Settings,,default,no-redcost,default,no-redcost
,,Time,Time,Status,Status
ProblemName,Seed,,,,
30n20b8,0.0,799.1,2405.75,ok,ok
30n20b8,1.0,211.37,189.47,ok,ok
30n20b8,2.0,119.11,115.55,ok,ok
30n20b8,3.0,964.43,735.61,ok,ok
30n20b8,4.0,637.68,275.82,ok,ok
30n20b8,5.0,761.52,497.95,ok,ok
30n20b8,6.0,168.48,171.56,ok,ok
30n20b8,7.0,1018.1,784.23,ok,ok
30n20b8,8.0,239.69,244.2,ok,ok
30n20b8,9.0,203.41,198.33,ok,ok
acc-tight5,0.0,96.11,76.18,ok,ok
acc-tight5,1.0,68.78,67.31,ok,ok
acc-tight5,2.0,92.38,185.66,ok,ok
acc-tight5,3.0,90.49,142.4,ok,ok
acc-tight5,4.0,80.13,91.32,ok,ok
acc-tight5,5.0,123.9,160.58,ok,ok
acc-tight5,6.0,157.23,124.49,ok,ok
acc-tight5,7.0,161.05,108.24,ok,ok
acc-tight5,8.0,63.88,65.37,ok,ok
acc-tight5,9.0,162.74,132.37,ok,ok
aflow40b,0.0,1535.1,3600.01,ok,timelimit
aflow40b,1.0,967.35,3600.0,ok,timelimit
aflow40b,2.0,772.19,3600.0,ok,timelimit
aflow40b,3.0,1411.91,3600.0,ok,timelimit
aflow40b,4.0,967.71,3600.0,ok,timelimit
aflow40b,5.0,830.63,3600.01,ok,timelimit
aflow40b,6.0,1300.24,3600.01,ok,timelimit
aflow40b,7.0,1382.28,3600.0,ok,timelimit
aflow40b,8.0,761.44,3600.01,ok,timelimit
aflow40b,9.0,1029.64,3600.0,ok,timelimit
air04,0.0,64.91,57.35,ok,ok
air04,1.0,49.41,56.46,ok,ok
air04,2.0,84.57,77.02,ok,ok
air04,3.0,62.62,53.05,ok,ok
air04,4.0,72.74,58.78,ok,ok
air04,5.0,59.32,67.44,ok,ok
air04,6.0,52.68,49.71,ok,ok
air04,7.0,61.03,58.95,ok,ok
air04,8.0,59.37,61.14,ok,ok
air04,9.0,56.84,50.21,ok,ok
app1-2,0.0,3600.94,3600.74,timelimit,timelimit
app1-2,1.0,3430.68,3600.21,ok,timelimit
app1-2,2.0,3602.19,3600.03,timelimit,timelimit
app1-2,3.0,1043.18,1150.21,ok,ok
app1-2,4.0,3600.3,3600.08,timelimit,timelimit
app1-2,5.0,1073.91,1393.46,ok,ok
app1-2,6.0,2703.47,3600.01,ok,timelimit
app1-2,7.0,1284.33,1315.11,ok,ok
app1-2,8.0,783.57,841.65,ok,ok
app1-2,9.0,1011.96,1050.62,ok,ok
ash608gpia-3col,0.0,12.79,15.3,ok,ok
ash608gpia-3col,1.0,8.57,8.04,ok,ok
ash608gpia-3col,2.0,10.56,10.01,ok,ok
ash608gpia-3col,3.0,9.99,9.99,ok,ok
ash608gpia-3col,4.0,17.28,17.56,ok,ok
ash608gpia-3col,5.0,14.16,14.35,ok,ok
ash608gpia-3col,6.0,11.34,11.19,ok,ok
ash608gpia-3col,7.0,14.24,14.67,ok,ok
ash608gpia-3col,8.0,13.67,14.26,ok,ok
ash608gpia-3col,9.0,9.04,9.41,ok,ok
bab5,0.0,3600.0,3600.01,timelimit,timelimit
bab5,1.0,3600.0,3600.0,timelimit,timelimit
bab5,2.0,3600.0,3600.0,timelimit,timelimit
bab5,3.0,3600.0,3600.0,timelimit,timelimit
bab5,4.0,3600.0,3600.0,timelimit,timelimit
bab5,5.0,3600.0,3600.01,timelimit,timelimit
bab5,6.0,3600.02,3600.0,timelimit,timelimit
bab5,7.0,3600.0,3600.0,timelimit,timelimit
bab5,8.0,3600.0,3600.0,timelimit,timelimit
bab5,9.0,3600.0,3600.0,timelimit,timelimit
beasleyC3,0.0,3600.01,3600.0,timelimit,timelimit
beasleyC3,1.0,3600.02,3600.02,timelimit,timelimit
beasleyC3,2.0,3600.01,3600.01,timelimit,timelimit
beasleyC3,3.0,3600.01,3600.01,timelimit,timelimit
beasleyC3,4.0,3600.0,3600.01,timelimit,timelimit
beasleyC3,5.0,3600.0,3600.01,timelimit,timelimit
beasleyC3,6.0,3600.01,3600.01,timelimit,timelimit
beasleyC3,7.0,3600.0,3600.01,timelimit,timelimit
beasleyC3,8.0,3600.0,3600.0,timelimit,timelimit
beasleyC3,9.0,3600.01,3600.01,timelimit,timelimit
biella1,0.0,1067.27,855.03,ok,ok
biella1,1.0,1414.04,1241.92,ok,ok
biella1,2.0,1308.76,1021.36,ok,ok
biella1,3.0,1044.34,2242.87,ok,ok
biella1,4.0,1596.21,3420.73,ok,ok
biella1,5.0,1382.46,2894.5,ok,ok
biella1,6.0,2704.18,2115.84,ok,ok
biella1,7.0,1337.04,2279.74,ok,ok
biella1,8.0,1303.41,2547.8,ok,ok
biella1,9.0,954.23,1813.59,ok,ok
bienst2,0.0,324.04,338.22,ok,ok
bienst2,1.0,315.69,328.22,ok,ok
bienst2,2.0,395.87,400.27,ok,ok
bienst2,3.0,208.77,207.08,ok,ok
bienst2,4.0,345.88,340.71,ok,ok
bienst2,5.0,278.51,274.96,ok,ok
bienst2,6.0,339.69,330.54,ok,ok
bienst2,7.0,510.42,524.36,ok,ok
bienst2,8.0,360.9,372.74,ok,ok
bienst2,9.0,263.24,275.8,ok,ok
binkar10_1,0.0,217.28,220.9,ok,ok
binkar10_1,1.0,254.03,383.42,ok,ok
binkar10_1,2.0,247.78,201.36,ok,ok
binkar10_1,3.0,320.2,287.35,ok,ok
binkar10_1,4.0,305.52,275.05,ok,ok
binkar10_1,5.0,224.41,218.46,ok,ok
binkar10_1,6.0,279.1,223.09,ok,ok
binkar10_1,7.0,284.18,261.05,ok,ok
binkar10_1,8.0,240.12,192.56,ok,ok
binkar10_1,9.0,308.52,203.32,ok,ok
bley_xl1,0.0,332.56,283.22,ok,ok
bley_xl1,1.0,320.47,306.06,ok,ok
bley_xl1,2.0,313.93,315.07,ok,ok
bley_xl1,3.0,243.83,230.59,ok,ok
bley_xl1,4.0,381.29,393.81,ok,ok
bley_xl1,5.0,274.49,265.38,ok,ok
bley_xl1,6.0,282.71,277.26,ok,ok
bley_xl1,7.0,352.81,373.9,ok,ok
bley_xl1,8.0,290.44,311.61,ok,ok
bley_xl1,9.0,307.66,317.01,ok,ok
bnatt350,0.0,306.36,250.3,ok,ok
bnatt350,1.0,325.24,255.95,ok,ok
bnatt350,2.0,326.0,416.49,ok,ok
bnatt350,3.0,619.16,351.62,ok,ok
bnatt350,4.0,440.7,410.48,ok,ok
bnatt350,5.0,311.81,348.12,ok,ok
bnatt350,6.0,477.9,470.58,ok,ok
bnatt350,7.0,169.09,160.05,ok,ok
bnatt350,8.0,315.48,535.06,ok,ok
bnatt350,9.0,209.07,402.58,ok,ok
core2536-691,0.0,3600.0,626.98,timelimit,ok
core2536-691,1.0,2169.65,720.3,ok,ok
core2536-691,2.0,336.71,403.36,ok,ok
core2536-691,3.0,2466.48,549.9,ok,ok
core2536-691,4.0,2208.32,519.46,ok,ok
core2536-691,5.0,410.12,414.64,ok,ok
core2536-691,6.0,3332.64,1978.19,ok,ok
core2536-691,7.0,3600.0,3600.01,timelimit,timelimit
core2536-691,8.0,2239.1,3600.01,ok,timelimit
core2536-691,9.0,3226.49,2714.86,ok,ok
cov1075,0.0,3600.0,3600.0,timelimit,timelimit
cov1075,1.0,3600.0,3600.0,timelimit,timelimit
cov1075,2.0,3600.0,3600.0,timelimit,timelimit
cov1075,3.0,3600.0,3600.0,timelimit,timelimit
cov1075,4.0,3600.0,3600.0,timelimit,timelimit
cov1075,5.0,3600.0,3600.0,timelimit,timelimit
cov1075,6.0,3600.0,3600.0,timelimit,timelimit
cov1075,7.0,3600.0,3600.0,timelimit,timelimit
cov1075,8.0,3600.0,3600.0,timelimit,timelimit
cov1075,9.0,3600.0,3600.0,timelimit,timelimit
csched010,0.0,3600.0,3600.0,timelimit,timelimit
csched010,1.0,3600.0,3600.0,timelimit,timelimit
csched010,2.0,3600.0,3600.0,timelimit,timelimit
csched010,3.0,3600.0,3600.0,timelimit,timelimit
csched010,4.0,3600.0,3600.0,timelimit,timelimit
csched010,5.0,3600.0,3600.01,timelimit,timelimit
csched010,6.0,3600.0,3600.0,timelimit,timelimit
csched010,7.0,3600.0,3600.0,timelimit,timelimit
csched010,8.0,3600.01,3600.0,timelimit,timelimit
csched010,9.0,3600.0,3600.0,timelimit,timelimit
danoint,0.0,3600.0,3600.0,timelimit,timelimit
danoint,1.0,3600.0,3600.0,timelimit,timelimit
danoint,2.0,3600.0,3600.0,timelimit,timelimit
danoint,3.0,3600.0,3600.0,timelimit,timelimit
danoint,4.0,3600.0,3600.0,timelimit,timelimit
danoint,5.0,3600.0,3600.0,timelimit,timelimit
danoint,6.0,3600.0,3600.0,timelimit,timelimit
danoint,7.0,3600.0,3600.0,timelimit,timelimit
danoint,8.0,3600.0,3600.0,timelimit,timelimit
danoint,9.0,3600.0,3600.0,timelimit,timelimit
dfn-gwin-UUM,0.0,79.98,99.47,ok,ok
dfn-gwin-UUM,1.0,116.44,122.23,ok,ok
dfn-gwin-UUM,2.0,119.26,130.54,ok,ok
dfn-gwin-UUM,3.0,124.71,130.19,ok,ok
dfn-gwin-UUM,4.0,115.14,127.37,ok,ok
dfn-gwin-UUM,5.0,115.38,125.31,ok,ok
dfn-gwin-UUM,6.0,114.81,128.8,ok,ok
dfn-gwin-UUM,7.0,116.58,136.72,ok,ok
dfn-gwin-UUM,8.0,122.12,129.85,ok,ok
dfn-gwin-UUM,9.0,126.16,128.22,ok,ok
eil33-2,0.0,68.87,75.68,ok,ok
eil33-2,1.0,66.81,76.6,ok,ok
eil33-2,2.0,65.74,74.23,ok,ok
eil33-2,3.0,65.05,85.99,ok,ok
eil33-2,4.0,59.92,78.5,ok,ok
eil33-2,5.0,69.91,84.75,ok,ok
eil33-2,6.0,68.87,72.43,ok,ok
eil33-2,7.0,64.05,81.87,ok,ok
eil33-2,8.0,67.85,76.13,ok,ok
eil33-2,9.0,77.43,76.92,ok,ok
eilB101,0.0,431.92,519.85,ok,ok
eilB101,1.0,483.02,697.04,ok,ok
eilB101,2.0,449.5,506.96,ok,ok
eilB101,3.0,449.02,424.88,ok,ok
eilB101,4.0,453.61,549.9,ok,ok
eilB101,5.0,476.42,426.32,ok,ok
eilB101,6.0,427.21,559.14,ok,ok
eilB101,7.0,451.1,432.02,ok,ok
eilB101,8.0,434.79,453.95,ok,ok
eilB101,9.0,417.2,466.4,ok,ok
enlight13,0.0,0.5,0.5,ok,ok
enlight13,1.0,0.5,0.5,ok,ok
enlight13,2.0,0.5,0.5,ok,ok
enlight13,3.0,0.5,0.5,ok,ok
enlight13,4.0,0.5,0.5,ok,ok
enlight13,5.0,0.5,0.5,ok,ok
enlight13,6.0,0.5,0.5,ok,ok
enlight13,7.0,0.5,0.5,ok,ok
enlight13,8.0,0.5,0.5,ok,ok
enlight13,9.0,0.5,0.5,ok,ok
enlight14,0.0,0.5,0.5,ok,ok
enlight14,1.0,0.5,0.5,ok,ok
enlight14,2.0,0.5,0.5,ok,ok
enlight14,3.0,0.5,0.5,ok,ok
enlight14,4.0,0.5,0.5,ok,ok
enlight14,5.0,0.5,0.5,ok,ok
enlight14,6.0,0.5,0.5,ok,ok
enlight14,7.0,0.5,0.5,ok,ok
enlight14,8.0,0.5,0.5,ok,ok
enlight14,9.0,0.5,0.5,ok,ok
ex9,0.0,46.48,44.44,ok,ok
ex9,1.0,41.81,37.88,ok,ok
ex9,2.0,37.73,37.9,ok,ok
ex9,3.0,42.64,41.49,ok,ok
ex9,4.0,41.44,36.79,ok,ok
ex9,5.0,46.62,45.87,ok,ok
ex9,6.0,38.26,36.81,ok,ok
ex9,7.0,44.34,41.35,ok,ok
ex9,8.0,52.15,48.87,ok,ok
ex9,9.0,44.66,41.41,ok,ok
glass4,0.0,2155.29,952.1,ok,ok
glass4,1.0,3182.59,3600.01,ok,timelimit
glass4,2.0,3600.0,3600.02,timelimit,timelimit
glass4,3.0,2123.13,3600.01,ok,timelimit
glass4,4.0,1183.37,781.42,ok,ok
glass4,5.0,2526.22,1149.25,ok,ok
glass4,6.0,2031.97,2198.12,ok,ok
glass4,7.0,3600.01,694.88,timelimit,ok
glass4,8.0,1960.91,2664.48,ok,ok
glass4,9.0,3600.02,1985.85,timelimit,ok
gmu-35-40,0.0,3600.03,3600.05,timelimit,timelimit
gmu-35-40,1.0,3600.01,3600.03,timelimit,timelimit
gmu-35-40,2.0,3600.03,3600.04,timelimit,timelimit
gmu-35-40,3.0,3600.03,3600.05,timelimit,timelimit
gmu-35-40,4.0,3600.02,3600.05,timelimit,timelimit
gmu-35-40,5.0,3600.02,3600.05,timelimit,timelimit
gmu-35-40,6.0,3600.03,3600.03,timelimit,timelimit
gmu-35-40,7.0,3600.05,3600.09,timelimit,timelimit
gmu-35-40,8.0,3600.05,3600.03,timelimit,timelimit
gmu-35-40,9.0,3600.04,3600.03,timelimit,timelimit
iis-100-0-cov,0.0,505.21,543.15,ok,ok
iis-100-0-cov,1.0,528.41,512.66,ok,ok
iis-100-0-cov,2.0,540.06,542.43,ok,ok
iis-100-0-cov,3.0,577.31,590.47,ok,ok
iis-100-0-cov,4.0,619.62,636.58,ok,ok
iis-100-0-cov,5.0,492.98,523.72,ok,ok
iis-100-0-cov,6.0,533.64,561.84,ok,ok
iis-100-0-cov,7.0,639.78,652.36,ok,ok
iis-100-0-cov,8.0,535.11,524.77,ok,ok
iis-100-0-cov,9.0,557.26,549.95,ok,ok
iis-bupa-cov,0.0,2488.72,2016.86,ok,ok
iis-bupa-cov,1.0,2506.36,2101.73,ok,ok
iis-bupa-cov,2.0,2259.6,2159.91,ok,ok
iis-bupa-cov,3.0,2391.44,2214.44,ok,ok
iis-bupa-cov,4.0,2156.28,2040.07,ok,ok
iis-bupa-cov,5.0,2290.95,2142.64,ok,ok
iis-bupa-cov,6.0,2256.78,2149.3,ok,ok
iis-bupa-cov,7.0,2225.66,2234.39,ok,ok
iis-bupa-cov,8.0,2261.85,3600.01,ok,timelimit
iis-bupa-cov,9.0,2264.87,2238.25,ok,ok
iis-pima-cov,0.0,229.55,211.86,ok,ok
iis-pima-cov,1.0,234.65,218.08,ok,ok
iis-pima-cov,2.0,220.05,226.58,ok,ok
iis-pima-cov,3.0,226.04,220.11,ok,ok
iis-pima-cov,4.0,235.64,202.68,ok,ok
iis-pima-cov,5.0,233.13,226.6,ok,ok
iis-pima-cov,6.0,213.3,213.53,ok,ok
iis-pima-cov,7.0,240.48,203.95,ok,ok
iis-pima-cov,8.0,259.18,258.97,ok,ok
iis-pima-cov,9.0,229.82,218.66,ok,ok
lectsched-4-obj,0.0,11.75,11.56,ok,ok
lectsched-4-obj,1.0,34.01,44.46,ok,ok
lectsched-4-obj,2.0,97.73,136.04,ok,ok
lectsched-4-obj,3.0,63.66,40.7,ok,ok
lectsched-4-obj,4.0,132.86,174.25,ok,ok
lectsched-4-obj,5.0,79.18,73.21,ok,ok
lectsched-4-obj,6.0,34.14,49.92,ok,ok
lectsched-4-obj,7.0,28.71,44.51,ok,ok
lectsched-4-obj,8.0,96.52,51.8,ok,ok
lectsched-4-obj,9.0,75.37,117.52,ok,ok
m100n500k4r1,0.0,3600.0,3600.0,timelimit,timelimit
m100n500k4r1,1.0,3600.0,3600.0,timelimit,timelimit
m100n500k4r1,2.0,3600.0,3600.0,timelimit,timelimit
m100n500k4r1,3.0,3600.0,3600.0,timelimit,timelimit
m100n500k4r1,4.0,3600.0,3600.0,timelimit,timelimit
m100n500k4r1,5.0,3600.0,3600.0,timelimit,timelimit
m100n500k4r1,6.0,3600.0,3600.0,timelimit,timelimit
m100n500k4r1,7.0,3600.0,3600.0,timelimit,timelimit
m100n500k4r1,8.0,3600.0,3600.0,timelimit,timelimit
m100n500k4r1,9.0,3600.0,3600.0,timelimit,timelimit
macrophage,0.0,3600.0,3600.0,timelimit,timelimit
macrophage,1.0,3600.0,3600.01,timelimit,timelimit
macrophage,2.0,3600.0,3600.0,timelimit,timelimit
macrophage,3.0,3600.03,3600.02,timelimit,timelimit
macrophage,4.0,3600.0,3600.0,timelimit,timelimit
macrophage,5.0,3600.0,3600.0,timelimit,timelimit
macrophage,6.0,3600.0,3600.0,timelimit,timelimit
macrophage,7.0,3600.0,3600.0,timelimit,timelimit
macrophage,8.0,3600.0,3600.0,timelimit,timelimit
macrophage,9.0,3600.0,3600.0,timelimit,timelimit
map18,0.0,334.04,250.25,ok,ok
map18,1.0,264.34,295.81,ok,ok
map18,2.0,361.3,278.79,ok,ok
map18,3.0,369.39,342.69,ok,ok
map18,4.0,274.25,258.51,ok,ok
map18,5.0,249.15,237.15,ok,ok
map18,6.0,236.44,308.64,ok,ok
map18,7.0,345.85,317.96,ok,ok
map18,8.0,302.37,372.11,ok,ok
map18,9.0,294.74,273.25,ok,ok
map20,0.0,199.84,210.0,ok,ok
map20,1.0,247.72,315.22,ok,ok
map20,2.0,222.78,282.37,ok,ok
map20,3.0,274.67,258.73,ok,ok
map20,4.0,268.76,219.22,ok,ok
map20,5.0,303.7,249.56,ok,ok
map20,6.0,248.44,311.32,ok,ok
map20,7.0,240.17,327.74,ok,ok
map20,8.0,270.72,212.57,ok,ok
map20,9.0,269.1,269.72,ok,ok
mcsched,0.0,230.16,190.97,ok,ok
mcsched,1.0,187.74,184.18,ok,ok
mcsched,2.0,175.43,197.51,ok,ok
mcsched,3.0,281.74,300.67,ok,ok
mcsched,4.0,193.65,211.34,ok,ok
mcsched,5.0,188.2,189.97,ok,ok
mcsched,6.0,168.42,181.38,ok,ok
mcsched,7.0,222.61,204.12,ok,ok
mcsched,8.0,119.89,140.01,ok,ok
mcsched,9.0,213.94,214.08,ok,ok
mik-250-1-100-1,0.0,260.91,1721.97,ok,ok
mik-250-1-100-1,1.0,245.82,1814.09,ok,ok
mik-250-1-100-1,2.0,235.54,2062.37,ok,ok
mik-250-1-100-1,3.0,209.41,1749.79,ok,ok
mik-250-1-100-1,4.0,232.13,1931.53,ok,ok
mik-250-1-100-1,5.0,226.62,1724.83,ok,ok
mik-250-1-100-1,6.0,200.85,1962.1,ok,ok
mik-250-1-100-1,7.0,228.0,1872.93,ok,ok
mik-250-1-100-1,8.0,276.9,1773.72,ok,ok
mik-250-1-100-1,9.0,260.35,1822.57,ok,ok
mine-166-5,0.0,20.9,22.22,ok,ok
mine-166-5,1.0,27.37,28.87,ok,ok
mine-166-5,2.0,21.85,24.28,ok,ok
mine-166-5,3.0,25.9,28.12,ok,ok
mine-166-5,4.0,37.63,18.09,ok,ok
mine-166-5,5.0,20.37,24.66,ok,ok
mine-166-5,6.0,23.78,23.52,ok,ok
mine-166-5,7.0,23.74,24.92,ok,ok
mine-166-5,8.0,30.06,26.35,ok,ok
mine-166-5,9.0,23.19,26.21,ok,ok
mine-90-10,0.0,698.7,2691.54,ok,ok
mine-90-10,1.0,101.07,523.52,ok,ok
mine-90-10,2.0,271.1,560.69,ok,ok
mine-90-10,3.0,3038.52,3600.01,ok,timelimit
mine-90-10,4.0,694.11,1104.54,ok,ok
mine-90-10,5.0,178.45,896.55,ok,ok
mine-90-10,6.0,2784.75,3600.0,ok,timelimit
mine-90-10,7.0,155.44,1039.94,ok,ok
mine-90-10,8.0,2373.08,1790.75,ok,ok
mine-90-10,9.0,193.38,2759.64,ok,ok
msc98-ip,0.0,3600.01,3600.0,timelimit,timelimit
msc98-ip,1.0,3600.0,3600.01,timelimit,timelimit
msc98-ip,2.0,3600.0,3600.0,timelimit,timelimit
msc98-ip,3.0,3600.01,3600.01,timelimit,timelimit
msc98-ip,4.0,3600.01,3600.01,timelimit,timelimit
msc98-ip,5.0,3600.0,3600.01,timelimit,timelimit
msc98-ip,6.0,3600.0,3600.01,timelimit,timelimit
msc98-ip,7.0,3600.0,3600.0,timelimit,timelimit
msc98-ip,8.0,3600.0,3600.01,timelimit,timelimit
msc98-ip,9.0,3600.0,3600.0,timelimit,timelimit
mspp16,0.0,18.94,20.92,memlimit,memlimit
mspp16,1.0,20.39,19.18,memlimit,memlimit
mspp16,2.0,20.28,21.08,memlimit,memlimit
mspp16,3.0,18.92,19.53,memlimit,memlimit
mspp16,4.0,19.03,20.32,memlimit,memlimit
mspp16,5.0,18.26,20.62,memlimit,memlimit
mspp16,6.0,18.63,20.3,memlimit,memlimit
mspp16,7.0,18.94,20.36,memlimit,memlimit
mspp16,8.0,19.49,19.34,memlimit,memlimit
mspp16,9.0,18.67,19.69,memlimit,memlimit
mzzv11,0.0,1132.98,650.0,ok,ok
mzzv11,1.0,785.78,903.34,ok,ok
mzzv11,2.0,1084.05,897.01,ok,ok
mzzv11,3.0,1437.71,803.06,ok,ok
mzzv11,4.0,1115.39,1702.63,ok,ok
mzzv11,5.0,1255.39,1141.42,ok,ok
mzzv11,6.0,1580.86,1980.99,ok,ok
mzzv11,7.0,1097.24,873.29,ok,ok
mzzv11,8.0,3482.59,3600.0,ok,timelimit
mzzv11,9.0,2414.65,1088.61,ok,ok
n3div36,0.0,3600.0,3600.0,timelimit,timelimit
n3div36,1.0,3600.01,3600.0,timelimit,timelimit
n3div36,2.0,3600.0,3602.79,timelimit,timelimit
n3div36,3.0,3600.0,3600.0,timelimit,timelimit
n3div36,4.0,3600.0,3600.0,timelimit,timelimit
n3div36,5.0,3600.0,3600.83,timelimit,timelimit
n3div36,6.0,3600.0,3600.01,timelimit,timelimit
n3div36,7.0,3600.01,3600.0,timelimit,timelimit
n3div36,8.0,3600.27,3600.0,timelimit,timelimit
n3div36,9.0,3600.0,3602.48,timelimit,timelimit
n3seq24,0.0,3600.01,3600.0,timelimit,timelimit
n3seq24,1.0,3600.01,3600.02,timelimit,timelimit
n3seq24,2.0,3600.01,3600.01,timelimit,timelimit
n3seq24,3.0,3600.01,3600.01,timelimit,timelimit
n3seq24,4.0,3600.0,3600.0,timelimit,timelimit
n3seq24,5.0,3600.0,3600.0,timelimit,timelimit
n3seq24,6.0,3600.03,3600.02,timelimit,timelimit
n3seq24,7.0,3600.01,3600.01,timelimit,timelimit
n3seq24,8.0,3600.0,3600.01,timelimit,timelimit
n3seq24,9.0,3600.05,3600.05,timelimit,timelimit
n4-3,0.0,708.22,1090.52,ok,ok
n4-3,1.0,724.96,943.0,ok,ok
n4-3,2.0,803.85,906.12,ok,ok
n4-3,3.0,653.65,820.42,ok,ok
n4-3,4.0,734.6,979.16,ok,ok
n4-3,5.0,713.01,1249.41,ok,ok
n4-3,6.0,753.63,1064.82,ok,ok
n4-3,7.0,700.41,986.28,ok,ok
n4-3,8.0,672.6,1021.7,ok,ok
n4-3,9.0,711.81,1251.49,ok,ok
neos-1109824,0.0,284.76,345.21,ok,ok
neos-1109824,1.0,134.55,190.17,ok,ok
neos-1109824,2.0,96.64,1294.51,ok,ok
neos-1109824,3.0,193.32,305.04,ok,ok
neos-1109824,4.0,118.16,243.17,ok,ok
neos-1109824,5.0,226.04,282.19,ok,ok
neos-1109824,6.0,160.27,221.34,ok,ok
neos-1109824,7.0,85.09,266.68,ok,ok
neos-1109824,8.0,235.34,653.77,ok,ok
neos-1109824,9.0,199.34,188.53,ok,ok
neos-1337307,0.0,3600.0,3600.0,timelimit,timelimit
neos-1337307,1.0,3600.0,3600.0,timelimit,timelimit
neos-1337307,2.0,3600.0,3600.0,timelimit,timelimit
neos-1337307,3.0,3600.0,3600.01,timelimit,timelimit
neos-1337307,4.0,3600.0,3600.0,timelimit,timelimit
neos-1337307,5.0,3600.0,3600.0,timelimit,timelimit
neos-1337307,6.0,3600.0,3600.0,timelimit,timelimit
neos-1337307,7.0,3600.0,3600.0,timelimit,timelimit
neos-1337307,8.0,3600.0,3600.0,timelimit,timelimit
neos-1337307,9.0,3600.0,3600.0,timelimit,timelimit
neos-1396125,0.0,254.57,273.34,ok,ok
neos-1396125,1.0,304.57,265.85,ok,ok
neos-1396125,2.0,219.24,244.77,ok,ok
neos-1396125,3.0,253.38,311.32,ok,ok
neos-1396125,4.0,333.5,291.15,ok,ok
neos-1396125,5.0,349.55,361.94,ok,ok
neos-1396125,6.0,306.74,320.02,ok,ok
neos-1396125,7.0,127.46,117.8,ok,ok
neos-1396125,8.0,325.34,324.45,ok,ok
neos-1396125,9.0,427.96,316.91,ok,ok
neos-1601936,0.0,3600.01,3600.0,timelimit,timelimit
neos-1601936,1.0,3600.01,3600.01,timelimit,timelimit
neos-1601936,2.0,3600.01,3600.0,timelimit,timelimit
neos-1601936,3.0,3600.01,3600.0,timelimit,timelimit
neos-1601936,4.0,3600.01,3600.0,timelimit,timelimit
neos-1601936,5.0,3600.0,3600.01,timelimit,timelimit
neos-1601936,6.0,3600.0,3600.01,timelimit,timelimit
neos-1601936,7.0,3600.0,3600.0,timelimit,timelimit
neos-1601936,8.0,3600.0,3600.0,timelimit,timelimit
neos-1601936,9.0,3600.01,3600.0,timelimit,timelimit
neos-476283,0.0,161.65,348.59,ok,ok
neos-476283,1.0,311.74,206.02,ok,ok
neos-476283,2.0,181.93,255.2,ok,ok
neos-476283,3.0,230.74,281.9,ok,ok
neos-476283,4.0,228.43,177.92,ok,ok
neos-476283,5.0,209.18,260.84,ok,ok
neos-476283,6.0,151.83,176.97,ok,ok
neos-476283,7.0,207.72,258.37,ok,ok
neos-476283,8.0,221.72,241.71,ok,ok
neos-476283,9.0,186.81,271.76,ok,ok
neos-686190,0.0,125.31,152.24,ok,ok
neos-686190,1.0,167.81,214.14,ok,ok
neos-686190,2.0,89.72,151.92,ok,ok
neos-686190,3.0,475.51,1087.12,ok,ok
neos-686190,4.0,369.84,952.05,ok,ok
neos-686190,5.0,212.41,359.64,ok,ok
neos-686190,6.0,96.49,156.83,ok,ok
neos-686190,7.0,224.26,927.08,ok,ok
neos-686190,8.0,218.16,233.57,ok,ok
neos-686190,9.0,381.65,1944.81,ok,ok
neos-849702,0.0,711.97,741.08,ok,ok
neos-849702,1.0,273.55,269.44,ok,ok
neos-849702,2.0,203.65,195.66,ok,ok
neos-849702,3.0,247.96,253.47,ok,ok
neos-849702,4.0,147.87,144.99,ok,ok
neos-849702,5.0,2773.77,2732.72,ok,ok
neos-849702,6.0,388.78,402.76,ok,ok
neos-849702,7.0,344.2,324.17,ok,ok
neos-849702,8.0,720.37,541.8,ok,ok
neos-849702,9.0,153.25,144.04,ok,ok
neos-916792,0.0,418.74,390.97,ok,ok
neos-916792,1.0,3600.0,366.32,timelimit,ok
neos-916792,2.0,945.24,601.75,ok,ok
neos-916792,3.0,3600.0,788.68,timelimit,ok
neos-916792,4.0,916.44,410.02,ok,ok
neos-916792,5.0,3600.01,2881.26,timelimit,ok
neos-916792,6.0,2156.88,757.92,ok,ok
neos-916792,7.0,3600.0,3600.0,timelimit,timelimit
neos-916792,8.0,3600.0,3600.0,timelimit,timelimit
neos-916792,9.0,3600.0,3600.0,timelimit,timelimit
neos-934278,0.0,3600.0,3600.01,timelimit,timelimit
neos-934278,1.0,3600.01,3600.01,timelimit,timelimit
neos-934278,2.0,3600.01,3600.01,timelimit,timelimit
neos-934278,3.0,3600.0,3600.01,timelimit,timelimit
neos-934278,4.0,3600.01,3600.0,timelimit,timelimit
neos-934278,5.0,3600.01,3600.01,timelimit,timelimit
neos-934278,6.0,3600.23,3600.01,timelimit,timelimit
neos-934278,7.0,3600.0,3600.0,timelimit,timelimit
neos-934278,8.0,3600.01,3600.01,timelimit,timelimit
neos-934278,9.0,3600.0,3600.01,timelimit,timelimit
neos13,0.0,437.8,674.8,ok,ok
neos13,1.0,3600.02,3600.06,timelimit,timelimit
neos13,2.0,2846.1,3600.0,ok,timelimit
neos13,3.0,2225.3,678.72,ok,ok
neos13,4.0,3600.01,2333.8,timelimit,ok
neos13,5.0,442.17,1284.63,ok,ok
neos13,6.0,2938.75,1578.05,ok,ok
neos13,7.0,1202.62,3600.01,ok,timelimit
neos13,8.0,797.99,1803.16,ok,ok
neos13,9.0,3600.01,1911.73,timelimit,ok
neos18,0.0,49.79,478.88,ok,ok
neos18,1.0,39.24,3600.0,ok,timelimit
neos18,2.0,28.99,129.68,ok,ok
neos18,3.0,58.72,351.79,ok,ok
neos18,4.0,20.83,1585.17,ok,ok
neos18,5.0,52.68,845.25,ok,ok
neos18,6.0,27.34,153.6,ok,ok
neos18,7.0,51.36,821.66,ok,ok
neos18,8.0,27.89,386.6,ok,ok
neos18,9.0,26.58,362.93,ok,ok
net12,0.0,1822.69,3275.65,ok,ok
net12,1.0,1176.36,1227.52,ok,ok
net12,2.0,1276.25,1496.99,ok,ok
net12,3.0,1284.07,1286.42,ok,ok
net12,4.0,1237.94,1267.3,ok,ok
net12,5.0,978.63,895.48,ok,ok
net12,6.0,1148.25,1046.71,ok,ok
net12,7.0,3562.24,3138.06,ok,ok
net12,8.0,1793.37,1186.7,ok,ok
net12,9.0,3600.01,3600.01,timelimit,timelimit
netdiversion,0.0,3605.22,3600.03,timelimit,timelimit
netdiversion,1.0,3600.03,3600.01,timelimit,timelimit
netdiversion,2.0,3600.46,3655.79,timelimit,timelimit
netdiversion,3.0,3602.15,3600.02,timelimit,timelimit
netdiversion,4.0,3600.02,3627.71,timelimit,timelimit
netdiversion,5.0,3600.97,3633.33,timelimit,timelimit
netdiversion,6.0,3600.02,3600.01,timelimit,timelimit
netdiversion,7.0,3600.03,3603.5,timelimit,timelimit
netdiversion,8.0,3600.01,3600.02,timelimit,timelimit
netdiversion,9.0,3617.05,3637.73,timelimit,timelimit
newdano,0.0,3600.0,3600.0,timelimit,timelimit
newdano,1.0,3600.0,3600.0,timelimit,timelimit
newdano,2.0,3600.0,3600.0,timelimit,timelimit
newdano,3.0,3600.0,3600.0,timelimit,timelimit
newdano,4.0,3600.0,3600.0,timelimit,timelimit
newdano,5.0,3600.0,3600.0,timelimit,timelimit
newdano,6.0,3600.0,3600.0,timelimit,timelimit
newdano,7.0,3600.0,3600.0,timelimit,timelimit
newdano,8.0,3600.0,3600.0,timelimit,timelimit
newdano,9.0,2720.82,2726.91,ok,ok
noswot,0.0,224.19,2886.23,ok,ok
noswot,1.0,295.62,3600.0,ok,timelimit
noswot,2.0,198.49,851.82,ok,ok
noswot,3.0,214.18,3600.01,ok,timelimit
noswot,4.0,169.88,545.46,ok,ok
noswot,5.0,141.98,479.68,ok,ok
noswot,6.0,180.25,593.69,ok,ok
noswot,7.0,259.32,1318.98,ok,ok
noswot,8.0,204.08,2502.85,ok,ok
noswot,9.0,143.44,3600.01,ok,timelimit
ns1208400,0.0,3600.0,3600.0,timelimit,timelimit
ns1208400,1.0,3600.01,3600.01,timelimit,timelimit
ns1208400,2.0,1142.3,1143.93,ok,ok
ns1208400,3.0,1844.45,2225.39,ok,ok
ns1208400,4.0,3600.01,3600.0,timelimit,timelimit
ns1208400,5.0,3311.88,3493.72,ok,ok
ns1208400,6.0,3594.13,3600.0,ok,timelimit
ns1208400,7.0,3600.0,3600.0,timelimit,timelimit
ns1208400,8.0,2674.88,2873.8,ok,ok
ns1208400,9.0,1782.88,3509.14,ok,ok
ns1688347,0.0,233.83,248.47,ok,ok
ns1688347,1.0,66.75,74.55,ok,ok
ns1688347,2.0,231.71,188.86,ok,ok
ns1688347,3.0,91.51,75.9,ok,ok
ns1688347,4.0,65.94,62.9,ok,ok
ns1688347,5.0,182.77,150.19,ok,ok
ns1688347,6.0,68.22,68.37,ok,ok
ns1688347,7.0,318.78,212.8,ok,ok
ns1688347,8.0,197.77,183.63,ok,ok
ns1688347,9.0,267.07,274.57,ok,ok
ns1758913,0.0,1374.09,1366.28,ok,ok
ns1758913,1.0,1980.9,1888.44,ok,ok
ns1758913,2.0,1784.77,1982.28,ok,ok
ns1758913,3.0,1742.79,2205.18,ok,ok
ns1758913,4.0,2057.47,1720.91,ok,ok
ns1758913,5.0,990.94,1040.83,ok,ok
ns1758913,6.0,1835.76,1467.61,ok,ok
ns1758913,7.0,1431.87,1197.23,ok,ok
ns1758913,8.0,1050.56,1015.47,ok,ok
ns1758913,9.0,1009.24,1062.39,ok,ok
ns1766074,0.0,887.84,715.74,ok,ok
ns1766074,1.0,741.95,806.08,ok,ok
ns1766074,2.0,671.55,841.2,ok,ok
ns1766074,3.0,681.18,725.19,ok,ok
ns1766074,4.0,730.03,959.99,ok,ok
ns1766074,5.0,748.59,802.5,ok,ok
ns1766074,6.0,723.49,839.95,ok,ok
ns1766074,7.0,744.63,807.87,ok,ok
ns1766074,8.0,778.17,820.71,ok,ok
ns1766074,9.0,707.85,682.82,ok,ok
ns1830653,0.0,459.75,388.45,ok,ok
ns1830653,1.0,285.83,268.0,ok,ok
ns1830653,2.0,275.06,272.51,ok,ok
ns1830653,3.0,230.69,206.16,ok,ok
ns1830653,4.0,242.5,255.17,ok,ok
ns1830653,5.0,480.04,300.68,ok,ok
ns1830653,6.0,440.95,391.63,ok,ok
ns1830653,7.0,255.09,299.74,ok,ok
ns1830653,8.0,430.68,482.78,ok,ok
ns1830653,9.0,285.41,304.53,ok,ok
opm2-z7-s2,0.0,305.55,319.05,ok,ok
opm2-z7-s2,1.0,250.76,373.17,ok,ok
opm2-z7-s2,2.0,373.84,428.18,ok,ok
opm2-z7-s2,3.0,308.97,355.3,ok,ok
opm2-z7-s2,4.0,346.73,408.87,ok,ok
opm2-z7-s2,5.0,496.51,479.88,ok,ok
opm2-z7-s2,6.0,312.01,597.48,ok,ok
opm2-z7-s2,7.0,287.46,498.4,ok,ok
opm2-z7-s2,8.0,384.94,402.57,ok,ok
opm2-z7-s2,9.0,376.32,413.35,ok,ok
pg5_34,0.0,1310.39,1387.2,ok,ok
pg5_34,1.0,1413.41,1647.9,ok,ok
pg5_34,2.0,1508.16,1566.89,ok,ok
pg5_34,3.0,1399.57,1692.29,ok,ok
pg5_34,4.0,1423.89,1504.99,ok,ok
pg5_34,5.0,1483.58,1487.65,ok,ok
pg5_34,6.0,1393.04,1387.67,ok,ok
pg5_34,7.0,1272.68,1291.1,ok,ok
pg5_34,8.0,1452.35,1623.58,ok,ok
pg5_34,9.0,1410.72,1196.26,ok,ok
pigeon-10,0.0,3600.0,3600.0,timelimit,timelimit
pigeon-10,2.0,3600.0,3600.0,timelimit,timelimit
pigeon-10,4.0,3600.0,3600.0,timelimit,timelimit
pigeon-10,5.0,3600.0,3600.0,timelimit,timelimit
pigeon-10,6.0,3600.0,3600.0,timelimit,timelimit
pigeon-10,8.0,3600.0,3600.0,timelimit,timelimit
pw-myciel4,1.0,3076.45,3600.0,ok,timelimit
pw-myciel4,4.0,3600.0,3600.0,timelimit,timelimit
pw-myciel4,7.0,3600.0,3600.0,timelimit,timelimit
pw-myciel4,9.0,3600.0,3253.84,timelimit,ok
qiu,0.0,44.86,45.17,ok,ok
qiu,1.0,41.11,40.34,ok,ok
qiu,2.0,46.72,46.19,ok,ok
qiu,3.0,55.89,58.13,ok,ok
qiu,4.0,52.1,51.63,ok,ok
qiu,5.0,44.49,45.77,ok,ok
qiu,6.0,40.94,39.81,ok,ok
qiu,7.0,47.52,47.87,ok,ok
qiu,8.0,62.61,61.77,ok,ok
qiu,9.0,54.14,51.38,ok,ok
rail507,0.0,517.65,336.27,ok,ok
rail507,1.0,443.09,224.27,ok,ok
rail507,2.0,356.44,176.64,ok,ok
rail507,3.0,527.01,354.72,ok,ok
rail507,4.0,276.08,635.7,ok,ok
rail507,5.0,197.54,179.06,ok,ok
rail507,6.0,218.18,195.79,ok,ok
rail507,7.0,163.32,189.72,ok,ok
rail507,8.0,184.3,182.13,ok,ok
rail507,9.0,227.52,330.77,ok,ok
ran16x16,0.0,350.82,458.17,ok,ok
ran16x16,1.0,292.55,329.98,ok,ok
ran16x16,2.0,382.63,385.18,ok,ok
ran16x16,3.0,322.72,398.28,ok,ok
ran16x16,4.0,258.13,361.9,ok,ok
ran16x16,5.0,339.37,392.19,ok,ok
ran16x16,6.0,333.19,474.97,ok,ok
ran16x16,7.0,332.79,415.73,ok,ok
ran16x16,8.0,394.74,468.54,ok,ok
ran16x16,9.0,282.68,359.6,ok,ok
reblock67,0.0,186.88,120.68,ok,ok
reblock67,1.0,189.75,167.0,ok,ok
reblock67,2.0,216.75,184.26,ok,ok
reblock67,3.0,165.02,180.72,ok,ok
reblock67,4.0,211.89,145.67,ok,ok
reblock67,5.0,156.04,143.62,ok,ok
reblock67,6.0,221.21,141.86,ok,ok
reblock67,7.0,224.93,177.86,ok,ok
reblock67,8.0,113.29,228.7,ok,ok
reblock67,9.0,176.8,194.32,ok,ok
rmatr100-p10,0.0,177.08,171.99,ok,ok
rmatr100-p10,1.0,179.76,168.35,ok,ok
rmatr100-p10,2.0,166.04,159.81,ok,ok
rmatr100-p10,3.0,168.23,175.09,ok,ok
rmatr100-p10,4.0,163.03,167.48,ok,ok
rmatr100-p10,5.0,163.62,173.68,ok,ok
rmatr100-p10,6.0,179.42,176.23,ok,ok
rmatr100-p10,7.0,160.64,167.61,ok,ok
rmatr100-p10,8.0,170.09,168.32,ok,ok
rmatr100-p10,9.0,171.03,163.41,ok,ok
rmatr100-p5,0.0,283.81,301.04,ok,ok
rmatr100-p5,1.0,291.42,349.14,ok,ok
rmatr100-p5,2.0,271.75,273.75,ok,ok
rmatr100-p5,3.0,282.97,295.72,ok,ok
rmatr100-p5,4.0,302.57,290.54,ok,ok
rmatr100-p5,5.0,290.63,284.95,ok,ok
rmatr100-p5,6.0,305.46,316.09,ok,ok
rmatr100-p5,7.0,287.23,283.33,ok,ok
rmatr100-p5,8.0,271.95,286.98,ok,ok
rmatr100-p5,9.0,278.85,414.01,ok,ok
rmine6,0.0,3578.49,3600.0,ok,timelimit
rmine6,1.0,1782.03,3600.0,ok,timelimit
rmine6,2.0,1732.17,3600.0,ok,timelimit
rmine6,4.0,3600.0,3600.0,timelimit,timelimit
rmine6,5.0,1239.97,2182.24,ok,ok
rmine6,6.0,2433.53,3600.0,ok,timelimit
rmine6,7.0,1583.37,3600.0,ok,timelimit
rmine6,8.0,2899.4,2735.14,ok,ok
rmine6,9.0,3600.0,3600.0,timelimit,timelimit
rocII-4-11,2.0,2955.66,2975.39,ok,ok
rocII-4-11,4.0,3553.72,2152.71,ok,ok
rocII-4-11,5.0,1742.9,1695.37,ok,ok
rocII-4-11,6.0,1039.93,1262.98,ok,ok
rocII-4-11,7.0,1321.03,1749.43,ok,ok
rocII-4-11,8.0,2752.3,1747.07,ok,ok
rocII-4-11,9.0,1930.65,1651.21,ok,ok
rococoC10-001000,0.0,3600.0,3600.0,timelimit,timelimit
rococoC10-001000,1.0,1661.22,2001.99,ok,ok
rococoC10-001000,3.0,1301.26,2352.44,ok,ok
rococoC10-001000,4.0,2335.3,2761.2,ok,ok
rococoC10-001000,5.0,1890.28,3454.42,ok,ok
rococoC10-001000,8.0,1215.57,2290.78,ok,ok
rococoC10-001000,9.0,1934.66,2291.56,ok,ok
roll3000,0.0,3094.06,1966.06,ok,ok
roll3000,6.0,2533.14,3600.0,ok,timelimit
roll3000,9.0,3600.0,3600.0,timelimit,timelimit
satellites1-25,0.0,1125.05,2991.98,ok,ok
satellites1-25,1.0,888.75,1397.91,ok,ok
satellites1-25,2.0,1035.34,2398.7,ok,ok
satellites1-25,3.0,1865.15,1999.19,ok,ok
satellites1-25,4.0,1218.0,3313.33,ok,ok
satellites1-25,6.0,1024.19,2656.49,ok,ok
satellites1-25,7.0,2536.24,2450.49,ok,ok
satellites1-25,8.0,1013.93,3060.81,ok,ok
satellites1-25,9.0,1882.07,1796.14,ok,ok
sp98ic,0.0,3600.0,3600.0,timelimit,timelimit
sp98ic,1.0,3600.0,3600.01,timelimit,timelimit
sp98ic,3.0,3600.01,3600.0,timelimit,timelimit
sp98ic,5.0,3600.01,3600.01,timelimit,timelimit
sp98ic,6.0,3600.0,3600.01,timelimit,timelimit
sp98ic,7.0,3600.0,3600.01,timelimit,timelimit
sp98ic,9.0,3600.0,3600.0,timelimit,timelimit
sp98ir,0.0,98.56,156.1,ok,ok
sp98ir,1.0,93.79,188.89,ok,ok
sp98ir,2.0,128.42,204.39,ok,ok
sp98ir,3.0,119.83,118.52,ok,ok
sp98ir,4.0,116.92,213.03,ok,ok
sp98ir,5.0,110.58,195.79,ok,ok
sp98ir,6.0,100.68,175.08,ok,ok
sp98ir,7.0,120.82,167.86,ok,ok
sp98ir,8.0,105.31,137.4,ok,ok
sp98ir,9.0,69.88,133.18,ok,ok
tanglegram1,0.0,359.54,412.67,ok,ok
tanglegram1,1.0,484.12,535.06,ok,ok
tanglegram1,2.0,647.7,566.62,ok,ok
tanglegram1,3.0,606.89,648.47,ok,ok
tanglegram1,4.0,429.79,435.71,ok,ok
tanglegram1,5.0,593.56,593.98,ok,ok
tanglegram1,6.0,427.32,482.96,ok,ok
tanglegram1,7.0,488.22,530.46,ok,ok
tanglegram1,8.0,596.11,525.44,ok,ok
tanglegram1,9.0,601.0,600.64,ok,ok
tanglegram2,0.0,4.81,4.8,ok,ok
tanglegram2,1.0,5.18,5.43,ok,ok
tanglegram2,2.0,4.77,4.8,ok,ok
tanglegram2,3.0,4.74,5.05,ok,ok
tanglegram2,4.0,5.05,5.18,ok,ok
tanglegram2,5.0,4.84,5.32,ok,ok
tanglegram2,6.0,4.89,4.97,ok,ok
tanglegram2,7.0,4.89,5.3,ok,ok
tanglegram2,8.0,5.02,5.05,ok,ok
tanglegram2,9.0,5.1,5.14,ok,ok
timtab1,0.0,411.27,437.9,ok,ok
timtab1,1.0,314.53,316.83,ok,ok
timtab1,2.0,388.38,452.21,ok,ok
timtab1,3.0,319.44,324.37,ok,ok
timtab1,4.0,325.75,319.51,ok,ok
timtab1,7.0,376.16,388.02,ok,ok
timtab1,9.0,292.38,282.96,ok,ok
triptim1,0.0,2691.95,3600.0,ok,timelimit
triptim1,1.0,736.1,709.54,ok,ok
triptim1,2.0,3600.0,3600.75,timelimit,timelimit
triptim1,4.0,3600.0,3600.01,timelimit,timelimit
triptim1,8.0,1441.25,1527.95,ok,ok
triptim1,9.0,1021.38,3600.01,ok,timelimit
unitcal_7,1.0,3600.0,3327.13,timelimit,ok
unitcal_7,2.0,1555.52,1171.96,ok,ok
unitcal_7,3.0,3600.02,3600.01,timelimit,timelimit
unitcal_7,4.0,1158.16,883.02,ok,ok
unitcal_7,5.0,3600.0,3600.01,timelimit,timelimit
unitcal_7,6.0,2208.21,1371.06,ok,ok
unitcal_7,8.0,2244.74,1765.66,ok,ok
vpphard,1.0,3600.0,3600.01,timelimit,timelimit
vpphard,2.0,3600.0,3600.01,timelimit,timelimit
vpphard,3.0,3600.0,3600.0,timelimit,timelimit
vpphard,5.0,3600.0,3600.18,timelimit,timelimit
vpphard,6.0,3600.0,3600.21,timelimit,timelimit
vpphard,7.0,3600.01,3600.0,timelimit,timelimit
vpphard,8.0,3600.01,3600.0,timelimit,timelimit
zib54-UUE,0.0,2195.59,2428.79,ok,ok
zib54-UUE,2.0,2224.15,2272.52,ok,ok
zib54-UUE,4.0,3446.06,3600.0,ok,timelimit
zib54-UUE,5.0,2105.96,2132.37,ok,ok
zib54-UUE,7.0,1862.44,1777.65,ok,ok
zib54-UUE,8.0,2257.06,2186.18,ok,ok
zib54-UUE,9.0,2314.58,2240.07,ok,ok
